dataset,regime,u,f,s,n_draws,restored_frac_mean,restored_frac_p2.5,restored_frac_p97.5,wrongly_flipped_frac_mean,wrongly_flipped_frac_p2.5,wrongly_flipped_frac_p97.5,restored_frac_unmarked_mean,restored_frac_unmarked_p2.5,restored_frac_unmarked_p97.5,restored_frac_falsely_marked_mean,restored_frac_falsely_marked_p2.5,restored_frac_falsely_marked_p97.5,restored_frac_inverted_scale_mean,restored_frac_inverted_scale_p2.5,restored_frac_inverted_scale_p97.5
pilot_holdout,full,0.0,0.03,0.03,50,0.30235677361191193,0.1447674418604651,0.45520833333333327,0.018122571709639226,0.01476862434013878,0.02100179232532174,,,,0.6775641025641025,0.42857142857142855,0.9082417582417581,0.007213124838124838,0.0,0.06984265734265731
pilot_holdout,full,0.1,0.03,0.03,50,0.4478422568891569,0.34596994535519127,0.614423076923077,0.01775210505240665,0.013680796598403332,0.023220523068902595,0.637811462450593,0.43173076923076925,0.8723846153846153,0.6712087912087913,0.3732142857142857,0.9285714285714286,0.0173765808812479,0.0,0.10631157635467979
pilot_holdout,full,0.25,0.03,0.03,50,0.4734418015792125,0.3461676396997498,0.5767103620474406,0.02075985874102613,0.012702955055896232,0.029027275467148884,0.5616205546121443,0.44191003911342897,0.6486652542372882,0.6552380952380952,0.3732142857142857,0.8571428571428571,0.01600812617483771,0.0,0.10893962848297208
pilot_holdout,full,0.5,0.03,0.03,50,0.3475428601012582,0.25082971638105217,0.4524671052631579,0.03314004969988344,0.0189531805461009,0.04664056647522563,0.341219585859114,0.24150060569351908,0.43370535714285713,0.6679304029304027,0.38063186813186817,0.8571428571428571,0.04861602896587417,0.0,0.4394230769230765
pilot_holdout,full,0.75,0.03,0.03,50,0.18308356451182337,0.117039018250472,0.24774774774774774,0.04463649030954998,0.0327695263388905,0.05945078857312899,0.14065921533498094,0.08617178158628937,0.20431704260651629,0.6443406593406593,0.3705357142857143,0.8571428571428571,0.04624172401460731,0.0,0.2887499999999999
pilot_holdout,full,1.0,0.03,0.03,50,0.0981637960801298,0.06329699342648802,0.13730933496034167,0.001282635022692361,0.0,0.008954264402787319,0.04676940380426413,0.043387463245121625,0.04970032272936837,0.5982873792873793,0.2857142857142857,0.7857142857142857,0.0013333333333333333,0.0,0.0
pilot_holdout,missing_only,0.0,0.0,0.0,50,,,,0.017591339648173207,0.017591339648173207,0.017591339648173207,,,,,,,,,
pilot_holdout,missing_only,0.1,0.0,0.0,50,0.6169230769230769,0.46153846153846156,0.7990384615384615,0.01800841514726508,0.016830294530154277,0.021037868162692847,0.6169230769230769,0.46153846153846156,0.7990384615384615,,,,,,
pilot_holdout,missing_only,0.25,0.0,0.0,50,0.5566153846153847,0.37461538461538463,0.658076923076923,0.020385756676557863,0.01483679525222552,0.029339762611275962,0.5566153846153847,0.37461538461538463,0.658076923076923,,,,,,
pilot_holdout,missing_only,0.5,0.0,0.0,50,0.34523076923076923,0.21884615384615386,0.4213461538461538,0.03438423645320197,0.020073891625615764,0.05053366174055829,0.34523076923076923,0.21884615384615386,0.4213461538461538,,,,,,
pilot_holdout,missing_only,0.75,0.0,0.0,50,0.1442857142857143,0.09808673469387755,0.1836734693877551,0.042725598526703504,0.0317219152854512,0.0529926335174954,0.1442857142857143,0.09808673469387755,0.1836734693877551,,,,,,
pilot_holdout,missing_only,1.0,0.0,0.0,50,0.04597701149425287,0.04597701149425287,0.04597701149425287,0.0,0.0,0.0,0.04597701149425287,0.04597701149425287,0.04597701149425287,,,,,,
validation_prolific,full,0.0,0.03,0.03,50,0.2896312279310639,0.09868421052631579,0.4666666666666667,0.011399212425618222,0.0063418587896253605,0.025053969359331477,,,,0.57,0.3333333333333333,0.8531249999999999,0.008783993783993783,0.0,0.08920454545454544
validation_prolific,full,0.1,0.03,0.03,50,0.3000636424306602,0.17007575757575757,0.45352272727272724,0.013545686080275312,0.005681818181818182,0.023054755043227664,0.2658333333333333,0.0,0.6129464285714284,0.559484126984127,0.24722222222222223,0.7777777777777778,0.0014285714285714286,0.0,0.0
validation_prolific,full,0.25,0.03,0.03,50,0.24524158030011953,0.1365808823529412,0.3508731617647059,0.01910078763200488,0.00599614024962124,0.028938929168990518,0.1670108359133127,0.0505921052631579,0.35,0.5708730158730159,0.3333333333333333,0.7715277777777777,0.01634809634809635,0.0,0.2634615384615382
validation_prolific,full,0.5,0.03,0.03,50,0.1561335241427318,0.0689060092449923,0.25819865319865315,0.022650757911878587,0.012469820872274143,0.03485996190249419,0.0691566238779861,0.005769230769230771,0.16636996904024762,0.5838492063492063,0.153125,0.8888888888888888,0.011668970814132104,0.0,0.1388392857142857
validation_prolific,full,0.75,0.03,0.03,50,0.13056920180001533,0.06573563422878491,0.2416385135135135,0.021116681465662413,0.01,0.03241225165562914,0.038886564938760415,0.0,0.07377104377104376,0.6144047619047618,0.22847222222222222,1.0,0.034139554889554884,0.0,0.2456730769230769
validation_prolific,full,1.0,0.03,0.03,50,0.0956397576419249,0.045059288537549404,0.16684397163120565,0.003926566382040615,0.0035211267605633804,0.007111758915726509,0.023711138545237872,0.0,0.028480885311871228,0.583968253968254,0.26875,0.8857638888888888,0.0,0.0,0.0
validation_prolific,missing_only,0.0,0.0,0.0,50,,,,0.010695187165775402,0.0106951871657754,0.0106951871657754,,,,,,,,,
validation_prolific,missing_only,0.1,0.0,0.0,50,0.245,0.0,0.5,0.016775956284153005,0.006079234972677596,0.02459016393442623,0.245,0.0,0.5,,,,,,
validation_prolific,missing_only,0.25,0.0,0.0,50,0.15599999999999997,0.05,0.3,0.019152542372881356,0.005649717514124294,0.02824858757062147,0.15599999999999997,0.05,0.3,,,,,,
validation_prolific,missing_only,0.5,0.0,0.0,50,0.08153846153846153,0.005769230769230771,0.14807692307692305,0.02137313432835821,0.011940298507462687,0.03283582089552239,0.08153846153846153,0.005769230769230771,0.14807692307692305,,,,,,
validation_prolific,missing_only,0.75,0.0,0.0,50,0.03793103448275862,0.003879310344827588,0.06896551724137931,0.01949367088607595,0.010205696202531646,0.030933544303797467,0.03793103448275862,0.003879310344827588,0.06896551724137931,,,,,,
validation_prolific,missing_only,1.0,0.0,0.0,50,0.025641025641025633,0.02564102564102564,0.02564102564102564,0.003378378378378378,0.0033783783783783786,0.0033783783783783786,0.025641025641025633,0.02564102564102564,0.02564102564102564,,,,,,
