dataset,regime,u,f,s,variant,n_draws,pearson_r_mean,pearson_r_p2.5,pearson_r_p97.5,mae_mean,mae_p2.5,mae_p97.5,sign_error_rate_mean,sign_error_rate_p2.5,sign_error_rate_p97.5,rho_mean,rho_p2.5,rho_p97.5,p_at_5_mean,p_at_5_p2.5,p_at_5_p97.5,p_at_10_mean,p_at_10_p2.5,p_at_10_p97.5,ndcg_at_10_mean,ndcg_at_10_p2.5,ndcg_at_10_p97.5
pilot_holdout,full,0.0,0.03,0.03,plain,50,0.2325738636684525,0.2325738636684525,0.2325738636684525,0.2120868638623036,0.21208686386230358,0.21208686386230358,0.36303493901178413,0.3630349390117842,0.3630349390117842,0.3447020411785019,0.34470204117850195,0.34470204117850195,0.5663716814159292,0.5663716814159292,0.5663716814159292,0.4646017699115044,0.4646017699115044,0.4646017699115044,0.7450447444646858,0.7450447444646858,0.7450447444646858
pilot_holdout,full,0.0,0.03,0.03,documented,50,0.7653426721283533,0.7231649419184154,0.8047734746264404,0.12526440522709828,0.11927660886891536,0.13128256539910352,0.124358073185859,0.10837812693818483,0.14103783336778997,0.5879708829517404,0.5695713558880245,0.6037345834472269,0.7219469026548673,0.7079646017699115,0.7341150442477876,0.6103008849557523,0.5975442477876107,0.6208407079646018,0.8611042403858007,0.8542080278462143,0.8681270684246956
pilot_holdout,full,0.0,0.03,0.03,aligned,50,0.7671060570876527,0.7269767510998026,0.8040199294133786,0.12478298331851428,0.11839351314651202,0.13059878984254564,0.12315898284060368,0.10686375852801323,0.13837605954103782,0.5895294046384982,0.5748391905425826,0.6045080138680997,0.7233274336283185,0.7119026548672567,0.7327433628318585,0.6095044247787612,0.6001991150442478,0.6150442477876108,0.862960664915274,0.8566362509196449,0.8694947892772609
pilot_holdout,full,0.0,0.03,0.03,hyperplane_old,50,0.5167604498513179,0.47473060490046803,0.5494249633567825,0.16976562436469986,0.16486709505899638,0.17586929857244885,0.24753772999793264,0.23137275170560265,0.2638670663634484,0.46977174313281106,0.4533951158712412,0.48168604601789833,0.6553274336283187,0.6428761061946903,0.6696017699115044,0.5585486725663716,0.5473008849557522,0.5693141592920354,0.8088474974825897,0.8005106813175622,0.8172152161722676
pilot_holdout,full,0.1,0.03,0.03,plain,50,0.2325738636684525,0.2325738636684525,0.2325738636684525,0.2120868638623036,0.21208686386230358,0.21208686386230358,0.36303493901178413,0.3630349390117842,0.3630349390117842,0.3447020411785019,0.34470204117850195,0.34470204117850195,0.5663716814159292,0.5663716814159292,0.5663716814159292,0.4646017699115044,0.4646017699115044,0.4646017699115044,0.7450447444646858,0.7450447444646858,0.7450447444646858
pilot_holdout,full,0.1,0.03,0.03,documented,50,0.7301391153201283,0.6548982534099899,0.7859882853214034,0.1331264344003106,0.12480268801757459,0.14369697967743092,0.1457225553028737,0.12459685755633657,0.17113396733512506,0.5506246886219818,0.5150929121413352,0.5876420571215601,0.6943362831858407,0.6649115044247788,0.7187610619469027,0.5862300884955753,0.5642256637168142,0.6024557522123895,0.8418255972757342,0.8201929960610805,0.8550549959353363
pilot_holdout,full,0.1,0.03,0.03,aligned,50,0.735681094785178,0.6606586914049418,0.7907606445438784,0.13146693333490647,0.12303537547346369,0.14203209951923781,0.14181103990076493,0.12150093032871614,0.1671232168699607,0.5606617113624396,0.5303377789650406,0.5933845967192131,0.707787610619469,0.6835840707964602,0.7284070796460177,0.5944955752212391,0.5789601769911504,0.6126769911504425,0.8512091183860946,0.8336837830568773,0.8661157417976821
pilot_holdout,full,0.1,0.03,0.03,hyperplane_old,50,0.448418704761743,0.3991469166057502,0.5047786798550516,0.1810268081808983,0.173318446068386,0.18841128241478153,0.27857763076286957,0.2585176762456068,0.30106470953070086,0.43535584832753543,0.41475296936092465,0.4602726720298871,0.6298407079646018,0.6074778761061946,0.6554424778761062,0.5302654867256638,0.5134734513274336,0.5475884955752213,0.7888753059870472,0.7747646773186377,0.7995358952074682
pilot_holdout,full,0.25,0.03,0.03,plain,50,0.2325738636684525,0.2325738636684525,0.2325738636684525,0.2120868638623036,0.21208686386230358,0.21208686386230358,0.36303493901178413,0.3630349390117842,0.3630349390117842,0.3447020411785019,0.34470204117850195,0.34470204117850195,0.5663716814159292,0.5663716814159292,0.5663716814159292,0.4646017699115044,0.4646017699115044,0.4646017699115044,0.7450447444646858,0.7450447444646858,0.7450447444646858
pilot_holdout,full,0.25,0.03,0.03,documented,50,0.6761619707504785,0.6139091275799842,0.7428494534573239,0.14636952618707266,0.1356279430249284,0.1544501956807616,0.18494934876989869,0.15926193921852386,0.20955137481910274,0.49522912126976704,0.47390953150754705,0.5213536878648197,0.6559292035398231,0.6300884955752212,0.6796460176991151,0.5541592920353983,0.535995575221239,0.5690265486725663,0.8135883148362365,0.7953633527877053,0.8281192456073085
pilot_holdout,full,0.25,0.03,0.03,aligned,50,0.6812049204540874,0.6071107985449119,0.7437173637730291,0.14388214026687002,0.13260457604575043,0.15536340460419032,0.18056233202398184,0.1504910068224106,0.20852284473847427,0.5169606732831895,0.4838936405302042,0.5466818941356127,0.684141592920354,0.653495575221239,0.714646017699115,0.5747433628318585,0.5550663716814159,0.5911504424778762,0.832646705150088,0.8141933995838686,0.8471309804548154
pilot_holdout,full,0.25,0.03,0.03,hyperplane_old,50,0.38027492262024487,0.3338845337842083,0.4153235659927805,0.19200074338179324,0.18712444630954744,0.1984590398069112,0.3095844531734546,0.29356005788712014,0.3278426710771139,0.4027550289450302,0.3818097060019815,0.42609865490143284,0.6050619469026549,0.5795575221238938,0.6310619469026548,0.5027256637168142,0.4779867256637168,0.5246681415929203,0.7713321560227681,0.7550014110474293,0.7855816218567405
pilot_holdout,full,0.5,0.03,0.03,plain,50,0.2325738636684525,0.2325738636684525,0.2325738636684525,0.2120868638623036,0.21208686386230358,0.21208686386230358,0.36303493901178413,0.3630349390117842,0.3630349390117842,0.3447020411785019,0.34470204117850195,0.34470204117850195,0.5663716814159292,0.5663716814159292,0.5663716814159292,0.4646017699115044,0.4646017699115044,0.4646017699115044,0.7450447444646858,0.7450447444646858,0.7450447444646858
pilot_holdout,full,0.5,0.03,0.03,documented,50,0.523528964123446,0.4555035530605416,0.6055440860137925,0.17379680865346103,0.16368987079829844,0.18286838425907695,0.2634897663841224,0.22516022327889187,0.2877351664254703,0.3964261943261424,0.35180689025202044,0.4317965857657763,0.5848141592920354,0.5451327433628318,0.6173008849557523,0.4936460176991149,0.46431415929203546,0.5259513274336284,0.7601822524896491,0.73386076038795,0.7826871659203228
pilot_holdout,full,0.5,0.03,0.03,aligned,50,0.511441083702018,0.4354320337344731,0.599337378648373,0.17407979502411242,0.1612788345504449,0.18512333449014828,0.26714078974571015,0.22585280132313418,0.3047291709737441,0.4263150354934045,0.38142530478720094,0.46604651918413287,0.6232920353982301,0.5933185840707965,0.651504424778761,0.5215221238938053,0.49057522123893804,0.5500442477876106,0.7863709498662459,0.7620880134957939,0.8096125481812035
pilot_holdout,full,0.5,0.03,0.03,hyperplane_old,50,0.3051775502357539,0.2717595217898464,0.34562935960222474,0.2028253044149786,0.19719859982326576,0.2070989705102643,0.3389290882778582,0.32126834814967953,0.3542795120942733,0.3736761261760029,0.3547415508663846,0.3888775897823629,0.5895929203539824,0.5614601769911505,0.6119911504424779,0.47840707964601764,0.4594026548672566,0.49232300884955754,0.7579242659357845,0.7442562737236031,0.7678030127057545
pilot_holdout,full,0.75,0.03,0.03,plain,50,0.2325738636684525,0.2325738636684525,0.2325738636684525,0.2120868638623036,0.21208686386230358,0.21208686386230358,0.36303493901178413,0.3630349390117842,0.3630349390117842,0.3447020411785019,0.34470204117850195,0.34470204117850195,0.5663716814159292,0.5663716814159292,0.5663716814159292,0.4646017699115044,0.4646017699115044,0.4646017699115044,0.7450447444646858,0.7450447444646858,0.7450447444646858
pilot_holdout,full,0.75,0.03,0.03,documented,50,0.3108349009977404,0.24609482382770162,0.37854394269141717,0.2022374023899816,0.19534100016676387,0.2093533992036675,0.3453669629935911,0.32199193715112673,0.36952656605333883,0.34262208615510287,0.3190197078218814,0.37299495905262214,0.5561415929203539,0.5274336283185841,0.5858407079646017,0.4663893805309734,0.44387168141592914,0.48721238938053096,0.7380073038773425,0.7202412634359154,0.7563894875914224
pilot_holdout,full,0.75,0.03,0.03,aligned,50,0.2883777022596947,0.23039243754262434,0.35696074573820974,0.20527092542858974,0.1963831093653733,0.21220164589040155,0.3533057680380401,0.32473640686375854,0.3838122803390531,0.35871196874150707,0.3278610611691588,0.38569928328961456,0.5779469026548673,0.5463274336283186,0.6066814159292035,0.4769911504424779,0.45320796460176993,0.5004867256637168,0.7520907398468996,0.7344940562927051,0.7691555392901238
pilot_holdout,full,0.75,0.03,0.03,hyperplane_old,50,0.24892350712392616,0.22151952113584572,0.27088122668074566,0.20988489453120152,0.20752112494350408,0.212685668149302,0.35835021707670045,0.34860967541864796,0.36567603886706634,0.3523203669290405,0.3411190606630731,0.36640756311166583,0.5741592920353983,0.558716814159292,0.5889823008849557,0.46730973451327434,0.45752212389380525,0.4778761061946903,0.7488532189188085,0.7398870698113631,0.7560622499757471
pilot_holdout,full,1.0,0.03,0.03,plain,50,0.2325738636684525,0.2325738636684525,0.2325738636684525,0.2120868638623036,0.21208686386230358,0.21208686386230358,0.36303493901178413,0.3630349390117842,0.3630349390117842,0.3447020411785019,0.34470204117850195,0.34470204117850195,0.5663716814159292,0.5663716814159292,0.5663716814159292,0.4646017699115044,0.4646017699115044,0.4646017699115044,0.7450447444646858,0.7450447444646858,0.7450447444646858
pilot_holdout,full,1.0,0.03,0.03,documented,50,0.16124662666730594,0.12208496557142207,0.21507197410897685,0.2201910064096253,0.21400812205673844,0.22470870685713182,0.3891254910068224,0.3687616291089518,0.4024963820549928,0.3284926041680664,0.3141454308006963,0.3448473553511248,0.5600353982300885,0.5455309734513275,0.5734513274336283,0.4559469026548672,0.4428761061946903,0.468429203539823,0.7377588171829632,0.7276669627313804,0.7482283180853776
pilot_holdout,full,1.0,0.03,0.03,aligned,50,0.1714738721303945,0.12670886937080203,0.21499045206117842,0.21920082142986394,0.2135485631056449,0.22414726307935093,0.38686375852801325,0.3661205292536696,0.4035662600785611,0.3345538281179748,0.31685361054612365,0.3494691972813201,0.5614159292035398,0.5473008849557522,0.5765929203539822,0.4608495575221239,0.44946902654867255,0.47039823008849563,0.7396657796483348,0.7301069524283073,0.7482218740987713
pilot_holdout,full,1.0,0.03,0.03,hyperplane_old,50,0.23109171533561093,0.21939309900964293,0.2325738636684525,0.21222217573893226,0.21161615442476817,0.21339756227162993,0.36343601405830056,0.3609520363861898,0.3659292950175729,0.34445680028661785,0.34090279312061056,0.34704631164090777,0.5651327433628319,0.5561504424778762,0.5663716814159292,0.4644424778761062,0.4612610619469026,0.4663716814159292,0.7445942040911766,0.7414316284511269,0.7458073980141038
pilot_holdout,missing_only,0.0,0.0,0.0,plain,50,0.2325738636684525,0.2325738636684525,0.2325738636684525,0.2120868638623036,0.21208686386230358,0.21208686386230358,0.36303493901178413,0.3630349390117842,0.3630349390117842,0.3447020411785019,0.34470204117850195,0.34470204117850195,0.5663716814159292,0.5663716814159292,0.5663716814159292,0.4646017699115044,0.4646017699115044,0.4646017699115044,0.7450447444646858,0.7450447444646858,0.7450447444646858
pilot_holdout,missing_only,0.0,0.0,0.0,documented,50,0.8687680364329192,0.8687680364329192,0.8687680364329192,0.10551761199803499,0.10551761199803499,0.10551761199803499,0.07194542071531941,0.07194542071531941,0.07194542071531941,0.6100868570364116,0.6100868570364117,0.6100868570364117,0.729203539823009,0.7292035398230089,0.7292035398230089,0.6203539823008849,0.620353982300885,0.620353982300885,0.8700336143224358,0.8700336143224356,0.8700336143224356
pilot_holdout,missing_only,0.0,0.0,0.0,aligned,50,0.8677570411927963,0.8677570411927963,0.8677570411927963,0.10592833946564113,0.10592833946564113,0.10592833946564113,0.07194542071531941,0.07194542071531941,0.07194542071531941,0.6054238105289113,0.6054238105289113,0.6054238105289113,0.729203539823009,0.7292035398230089,0.7292035398230089,0.6150442477876106,0.6150442477876106,0.6150442477876106,0.86776660305339,0.86776660305339,0.86776660305339
pilot_holdout,missing_only,0.0,0.0,0.0,hyperplane_old,50,0.5503605333197966,0.5503605333197965,0.5503605333197965,0.16491944363383318,0.16491944363383318,0.16491944363383318,0.23320239818069052,0.23320239818069052,0.23320239818069052,0.4770114060985145,0.47701140609851445,0.47701140609851445,0.6619469026548672,0.6619469026548673,0.6619469026548673,0.5654867256637168,0.5654867256637168,0.5654867256637168,0.8143307877103381,0.8143307877103381,0.8143307877103381
pilot_holdout,missing_only,0.1,0.0,0.0,plain,50,0.2325738636684525,0.2325738636684525,0.2325738636684525,0.2120868638623036,0.21208686386230358,0.21208686386230358,0.36303493901178413,0.3630349390117842,0.3630349390117842,0.3447020411785019,0.34470204117850195,0.34470204117850195,0.5663716814159292,0.5663716814159292,0.5663716814159292,0.4646017699115044,0.4646017699115044,0.4646017699115044,0.7450447444646858,0.7450447444646858,0.7450447444646858
pilot_holdout,missing_only,0.1,0.0,0.0,documented,50,0.8410830660368493,0.8161232031753117,0.8579626113314095,0.11318004894233359,0.10887443810802151,0.11879955534518558,0.0909323961132934,0.07716043001860658,0.10642443663427745,0.5753214456015608,0.5534235700295014,0.5947939224851355,0.7045309734513274,0.6835840707964601,0.7252654867256637,0.5976460176991151,0.5842699115044248,0.6104203539823009,0.851236540674093,0.8406780068903892,0.8629596985204606
pilot_holdout,missing_only,0.1,0.0,0.0,aligned,50,0.8434309679549973,0.8165618713631728,0.863207306726925,0.1122217089165474,0.1073010934499811,0.11764244576825537,0.08915443456688031,0.07270518916683895,0.10331817242092206,0.5785172710030203,0.5531540187418816,0.5971274737993852,0.7143362831858409,0.6932300884955752,0.727433628318584,0.6013451327433629,0.586924778761062,0.6146460176991151,0.8565488361960427,0.8437540098650386,0.8657311566668755
pilot_holdout,missing_only,0.1,0.0,0.0,hyperplane_old,50,0.4870962475594113,0.45298281430042664,0.516661386626657,0.176051420333857,0.17162388731962952,0.18081435807799182,0.2638164151333471,0.24661980566466818,0.28514575149886295,0.4423030492341532,0.42427989742157346,0.4569420649289045,0.6369911504424778,0.6114159292035398,0.6593805309734513,0.5386194690265487,0.5184955752212389,0.5555530973451327,0.7935772862205404,0.7790837713085761,0.8046503800712856
pilot_holdout,missing_only,0.25,0.0,0.0,plain,50,0.2325738636684525,0.2325738636684525,0.2325738636684525,0.2120868638623036,0.21208686386230358,0.21208686386230358,0.36303493901178413,0.3630349390117842,0.3630349390117842,0.3447020411785019,0.34470204117850195,0.34470204117850195,0.5663716814159292,0.5663716814159292,0.5663716814159292,0.4646017699115044,0.4646017699115044,0.4646017699115044,0.7450447444646858,0.7450447444646858,0.7450447444646858
pilot_holdout,missing_only,0.25,0.0,0.0,documented,50,0.7814120073344103,0.7290192234194066,0.8131324675719769,0.12807047452350706,0.12085108431569945,0.13792064274714438,0.13047343394666114,0.10631589828406036,0.1611794500723589,0.5185004683512875,0.4909106384201127,0.5478465820877818,0.6659823008849557,0.6407079646017698,0.6880973451327433,0.5657522123893806,0.549070796460177,0.5805309734513274,0.8229790815039171,0.8113538101497457,0.8354151663423558
pilot_holdout,missing_only,0.25,0.0,0.0,aligned,50,0.7833995441550133,0.7147170163503502,0.8205759321420524,0.12622367484508254,0.11833193482145901,0.1393533504265762,0.1295637792019847,0.10583005995451726,0.16272482943973537,0.5290328644394355,0.4977861539388253,0.5660784905097612,0.6887433628318584,0.6549115044247787,0.7111061946902655,0.5789557522123894,0.5549778761061948,0.5965486725663718,0.8365995916665772,0.8200573417178191,0.8477553055911349
pilot_holdout,missing_only,0.25,0.0,0.0,hyperplane_old,50,0.40767010084925515,0.3662953280566987,0.44209838816885566,0.1883843843066766,0.18381498879904073,0.19390993312920396,0.29793260285300804,0.2834194748811247,0.31736096754186477,0.40503417209334375,0.38355711948550114,0.4285473849477916,0.6131327433628319,0.5933185840707964,0.6403097345132743,0.5068672566371681,0.49106194690265487,0.5292035398230089,0.775635373108983,0.7614485589414268,0.791864540936099
pilot_holdout,missing_only,0.5,0.0,0.0,plain,50,0.2325738636684525,0.2325738636684525,0.2325738636684525,0.2120868638623036,0.21208686386230358,0.21208686386230358,0.36303493901178413,0.3630349390117842,0.3630349390117842,0.3447020411785019,0.34470204117850195,0.34470204117850195,0.5663716814159292,0.5663716814159292,0.5663716814159292,0.4646017699115044,0.4646017699115044,0.4646017699115044,0.7450447444646858,0.7450447444646858,0.7450447444646858
pilot_holdout,missing_only,0.5,0.0,0.0,documented,50,0.6109922481135839,0.558682717019322,0.6612003461004219,0.16092294728575332,0.15400497783516076,0.16827230726531847,0.2236923713045276,0.19667665908621046,0.25119909034525534,0.41947322517141367,0.3941434616792218,0.46759260439742173,0.6020530973451327,0.5787610619469026,0.6371238938053098,0.5095398230088496,0.49066371681415927,0.5426327433628317,0.7735984297365025,0.7564679351700814,0.7928146456927024
pilot_holdout,missing_only,0.5,0.0,0.0,aligned,50,0.5827173679410452,0.5250102226125773,0.6452742705341808,0.16274643602247277,0.15311876266560637,0.1719372682519537,0.23147405416580522,0.2020260492040521,0.25596444076907177,0.4403475281790267,0.4145754805322613,0.478925915219597,0.6334867256637168,0.6074778761061946,0.6544690265486726,0.5310796460176992,0.5081858407079646,0.5564159292035398,0.7935388660305509,0.7747734514176925,0.806913608206217
pilot_holdout,missing_only,0.5,0.0,0.0,hyperplane_old,50,0.31514565894604074,0.2815027843549416,0.35580380101173514,0.20180219782583905,0.19764172001080457,0.2056273218453132,0.3350341120529254,0.3205447591482324,0.34380814554475914,0.37220175790141274,0.35541322145109877,0.39047546602839484,0.5892035398230088,0.5703097345132744,0.608849557522124,0.4802654867256637,0.46323008849557523,0.49626106194690267,0.7590127557668366,0.7456968225332875,0.7709388734233851
pilot_holdout,missing_only,0.75,0.0,0.0,plain,50,0.2325738636684525,0.2325738636684525,0.2325738636684525,0.2120868638623036,0.21208686386230358,0.21208686386230358,0.36303493901178413,0.3630349390117842,0.3630349390117842,0.3447020411785019,0.34470204117850195,0.34470204117850195,0.5663716814159292,0.5663716814159292,0.5663716814159292,0.4646017699115044,0.4646017699115044,0.4646017699115044,0.7450447444646858,0.7450447444646858,0.7450447444646858
pilot_holdout,missing_only,0.75,0.0,0.0,documented,50,0.4070989790640657,0.36555441026871693,0.43994287205911914,0.1908313750743314,0.18597174185041576,0.19488278997287217,0.30923299565846596,0.2891616704568947,0.32616291089518296,0.3608240957213489,0.3352031365627245,0.39000789719307444,0.5699469026548672,0.5361061946902655,0.6050884955752212,0.4768141592920354,0.4464159292035398,0.4996017699115044,0.7488116866154008,0.7251536235614365,0.7640097678170623
pilot_holdout,missing_only,0.75,0.0,0.0,aligned,50,0.36802330941283157,0.3307860260475601,0.410880957062537,0.1948046470250284,0.18962651546172574,0.19976727802484684,0.31925987182137694,0.2967283440148853,0.3339983460822824,0.37027860496355947,0.3461465297472439,0.3963187928207356,0.5860530973451327,0.552433628318584,0.6137610619469027,0.4847079646017698,0.4586061946902655,0.5040265486725664,0.7580610382687799,0.7386768528254577,0.7745771968956151
pilot_holdout,missing_only,0.75,0.0,0.0,hyperplane_old,50,0.26271089812233706,0.24787224757746343,0.2826970189886825,0.20856758700360728,0.20691448384355912,0.2105275972628742,0.3537647302046723,0.34808248914616496,0.3596805871407897,0.3560405962101889,0.3458784747057419,0.3668151275600597,0.5808141592920354,0.5632300884955753,0.5978318584070796,0.4724070796460176,0.4586061946902655,0.4847566371681416,0.7522073898381066,0.7449878979805511,0.762720956090991
pilot_holdout,missing_only,1.0,0.0,0.0,plain,50,0.2325738636684525,0.2325738636684525,0.2325738636684525,0.2120868638623036,0.21208686386230358,0.21208686386230358,0.36303493901178413,0.3630349390117842,0.3630349390117842,0.3447020411785019,0.34470204117850195,0.34470204117850195,0.5663716814159292,0.5663716814159292,0.5663716814159292,0.4646017699115044,0.4646017699115044,0.4646017699115044,0.7450447444646858,0.7450447444646858,0.7450447444646858
pilot_holdout,missing_only,1.0,0.0,0.0,documented,50,0.2325738636684525,0.2325738636684525,0.2325738636684525,0.2120868638623036,0.21208686386230358,0.21208686386230358,0.36303493901178413,0.3630349390117842,0.3630349390117842,0.3447020411785019,0.34470204117850195,0.34470204117850195,0.5663716814159292,0.5663716814159292,0.5663716814159292,0.4646017699115044,0.4646017699115044,0.4646017699115044,0.7450447444646858,0.7450447444646858,0.7450447444646858
pilot_holdout,missing_only,1.0,0.0,0.0,aligned,50,0.23816336034132252,0.2381633603413225,0.2381633603413225,0.21151247589053557,0.2115124758905356,0.2115124758905356,0.36179450072358904,0.361794500723589,0.361794500723589,0.34245941596652585,0.3424594159665258,0.3424594159665258,0.5610619469026547,0.5610619469026548,0.5610619469026548,0.4628318584070796,0.46283185840707963,0.46283185840707963,0.7423581858287114,0.7423581858287113,0.7423581858287113
pilot_holdout,missing_only,1.0,0.0,0.0,hyperplane_old,50,0.2325738636684525,0.2325738636684525,0.2325738636684525,0.2120868638623036,0.21208686386230358,0.21208686386230358,0.36303493901178413,0.3630349390117842,0.3630349390117842,0.3447020411785019,0.34470204117850195,0.34470204117850195,0.5663716814159292,0.5663716814159292,0.5663716814159292,0.4646017699115044,0.4646017699115044,0.4646017699115044,0.7450447444646858,0.7450447444646858,0.7450447444646858
validation_prolific,full,0.0,0.03,0.03,plain,50,0.3260703287726564,0.3260703287726564,0.3260703287726564,0.19395338338223095,0.19395338338223095,0.19395338338223095,0.4064454064454065,0.40644540644540644,0.40644540644540644,0.30953124828474365,0.30953124828474365,0.30953124828474365,0.4175000000000001,0.4175000000000001,0.4175000000000001,0.35625,0.35625,0.35625,0.7216719826168133,0.7216719826168134,0.7216719826168134
validation_prolific,full,0.0,0.03,0.03,documented,50,0.6469995021046329,0.5425516874830744,0.7279856601739133,0.14955273377125125,0.13995331979112952,0.15760028248689179,0.242943722943723,0.20907888407888406,0.2650793650793651,0.3764073873327838,0.35569256835482954,0.395375717747561,0.42845000000000005,0.4130625,0.44000000000000006,0.36634999999999995,0.35153125,0.3775,0.7216621389497736,0.7100561855772829,0.7325918029863177
validation_prolific,full,0.0,0.03,0.03,aligned,50,0.648991444498767,0.548925647375511,0.7319991934573662,0.14858416580920486,0.13877780387077662,0.1559247312265112,0.24109668109668111,0.20678210678210676,0.2673761423761424,0.3804920325054569,0.3594019597814548,0.39772711710803704,0.43394999999999995,0.41999999999999993,0.445,0.36939999999999995,0.35750000000000004,0.37750000000000006,0.7263567561303473,0.7157032407496368,0.7338491305794765
validation_prolific,full,0.0,0.03,0.03,hyperplane_old,50,0.4478762001392369,0.3989369883855298,0.46163848766069515,0.18181772544296662,0.18028656598953322,0.1858306312097111,0.36939874939874934,0.36363636363636365,0.3805194805194805,0.28454881571919743,0.2766253865445252,0.2955843240507999,0.42150000000000004,0.4175,0.425,0.35887499999999994,0.34640624999999997,0.36125,0.7223564464577471,0.7102560783820344,0.72585199322847
validation_prolific,full,0.1,0.03,0.03,plain,50,0.3260703287726564,0.3260703287726564,0.3260703287726564,0.19395338338223095,0.19395338338223095,0.19395338338223095,0.4064454064454065,0.40644540644540644,0.40644540644540644,0.30953124828474365,0.30953124828474365,0.30953124828474365,0.4175000000000001,0.4175000000000001,0.4175000000000001,0.35625,0.35625,0.35625,0.7216719826168133,0.7216719826168134,0.7216719826168134
validation_prolific,full,0.1,0.03,0.03,documented,50,0.6385864703929871,0.5668791077110774,0.6970955409455286,0.15300209399543074,0.14582448253106878,0.1594337427297865,0.2568638768638769,0.23003848003848004,0.29023569023569024,0.3565464148300597,0.32723409202365245,0.3827331214243972,0.4269,0.40806249999999994,0.4494375,0.3651,0.3480625,0.38346874999999997,0.7192719530841327,0.7034772327040472,0.7327945275662356
validation_prolific,full,0.1,0.03,0.03,aligned,50,0.6364446357605518,0.5591816527443104,0.6929613424168086,0.1523945235257437,0.1445021303556545,0.15775859201710768,0.2563636363636364,0.23002645502645502,0.2902958152958153,0.3596474491392309,0.3297977090909187,0.38822171302011915,0.42915,0.4086249999999999,0.44750000000000006,0.3643,0.34653125000000007,0.37721875,0.7202554606186677,0.7081732350950325,0.7340012427419307
validation_prolific,full,0.1,0.03,0.03,hyperplane_old,50,0.4221814737924527,0.3763363261951202,0.45629196049258275,0.18450100832140265,0.18115587952133158,0.18867574852656735,0.37823953823953815,0.3671115921115921,0.38976671476671476,0.28998288319627963,0.28218111533106444,0.30292151845919246,0.41755000000000003,0.403625,0.425,0.35887500000000006,0.3480625,0.3669375,0.7210581350473823,0.7153566863969899,0.7253883727371605
validation_prolific,full,0.25,0.03,0.03,plain,50,0.3260703287726564,0.3260703287726564,0.3260703287726564,0.19395338338223095,0.19395338338223095,0.19395338338223095,0.4064454064454065,0.40644540644540644,0.40644540644540644,0.30953124828474365,0.30953124828474365,0.30953124828474365,0.4175000000000001,0.4175000000000001,0.4175000000000001,0.35625,0.35625,0.35625,0.7216719826168133,0.7216719826168134,0.7216719826168134
validation_prolific,full,0.25,0.03,0.03,documented,50,0.5804554207615178,0.4926391105879889,0.6717566109041823,0.1610953649481264,0.15056668452000385,0.17076697755284537,0.28387686387686384,0.24291726791726792,0.32435064935064933,0.3322915756775305,0.29546064307997494,0.3614582932664229,0.4200000000000001,0.39806250000000004,0.44000000000000006,0.35590000000000005,0.3293125,0.37249999999999994,0.7148067643532611,0.6958599878011105,0.7343088204883342
validation_prolific,full,0.25,0.03,0.03,aligned,50,0.5709424209422951,0.49306404751282645,0.6551644243495852,0.16124690823985244,0.1515533158036952,0.17035671700143587,0.2872246272246272,0.24628427128427127,0.3277176527176527,0.33384242975718303,0.29621060160506174,0.37542650912826203,0.41850000000000004,0.3980625,0.43943750000000004,0.35474999999999995,0.33653125,0.3706875,0.7147624797312336,0.6968452034171427,0.7327875678744704
validation_prolific,full,0.25,0.03,0.03,hyperplane_old,50,0.38348862592222227,0.3292468195041665,0.42541025491150464,0.18822413759016624,0.1843004623220918,0.19328091685877516,0.3889947089947089,0.3755050505050505,0.4024891774891775,0.29496709769234003,0.2812186930963549,0.30665388999650495,0.41480000000000006,0.40056250000000004,0.425,0.35662499999999997,0.34500000000000003,0.36818750000000006,0.7187960327294962,0.7121224801408313,0.7247432030404825
validation_prolific,full,0.5,0.03,0.03,plain,50,0.3260703287726564,0.3260703287726564,0.3260703287726564,0.19395338338223095,0.19395338338223095,0.19395338338223095,0.4064454064454065,0.40644540644540644,0.40644540644540644,0.30953124828474365,0.30953124828474365,0.30953124828474365,0.4175000000000001,0.4175000000000001,0.4175000000000001,0.35625,0.35625,0.35625,0.7216719826168133,0.7216719826168134,0.7216719826168134
validation_prolific,full,0.5,0.03,0.03,documented,50,0.4829038986817661,0.37133436265553416,0.5942602874640033,0.17369286264444617,0.16422366291161639,0.18350002079402372,0.3367003367003367,0.29363876863876864,0.37496392496392494,0.2874784476413945,0.2515433147239389,0.32871732481169563,0.40825,0.38306250000000003,0.4325,0.34415,0.3193125,0.36596874999999995,0.7039777932362923,0.6782053189739902,0.7251564886392492
validation_prolific,full,0.5,0.03,0.03,aligned,50,0.46726641665653923,0.35280404266797655,0.5912509760170549,0.1747824690539551,0.163131567476147,0.18420130285504693,0.3414622414622414,0.30153920153920155,0.38003848003848,0.2907255407328186,0.2528230680034249,0.3310458135824741,0.4065,0.381125,0.43,0.34230000000000005,0.3180625,0.3631875,0.7027443918249376,0.6775794429574491,0.7234477878543102
validation_prolific,full,0.5,0.03,0.03,hyperplane_old,50,0.350726999883745,0.31507291890853856,0.3771976473552023,0.1914231835652876,0.18898998805747305,0.19388417849431142,0.39889369889369886,0.38753006253006256,0.4078884078884079,0.3024470376168918,0.290078483585601,0.31139182580965763,0.41835000000000006,0.41000000000000003,0.425,0.35822499999999996,0.34778125000000004,0.36846875,0.7189158645866129,0.7128400723913493,0.724917472685713
validation_prolific,full,0.75,0.03,0.03,plain,50,0.3260703287726564,0.3260703287726564,0.3260703287726564,0.19395338338223095,0.19395338338223095,0.19395338338223095,0.4064454064454065,0.40644540644540644,0.40644540644540644,0.30953124828474365,0.30953124828474365,0.30953124828474365,0.4175000000000001,0.4175000000000001,0.4175000000000001,0.35625,0.35625,0.35625,0.7216719826168133,0.7216719826168134,0.7216719826168134
validation_prolific,full,0.75,0.03,0.03,documented,50,0.36343588425776935,0.25856889105388325,0.4534200253259714,0.18750855241105796,0.17856146219207295,0.19500048044499335,0.3873400673400673,0.35429292929292927,0.41504329004329005,0.27553500166640865,0.24235148838392662,0.3108037822323485,0.4072500000000001,0.38556250000000003,0.43,0.34325000000000006,0.31640625,0.36915625,0.7021352309133335,0.6773614284037663,0.722999080456611
validation_prolific,full,0.75,0.03,0.03,aligned,50,0.3528846152885707,0.2619775452282302,0.42814067975609843,0.18814071791019868,0.17999566474122172,0.19448933379117078,0.3905242905242905,0.3601130351130351,0.4191077441077441,0.28480139346359773,0.2508445132760063,0.32227897228554164,0.40535,0.38499999999999995,0.42693749999999997,0.341975,0.3218125,0.3625,0.7021516603541816,0.6802726143585659,0.7206335734352539
validation_prolific,full,0.75,0.03,0.03,hyperplane_old,50,0.3284885713247263,0.29675141645509595,0.3474078133492076,0.19355421223798966,0.19182743349995343,0.1956678049987251,0.40520442520442523,0.39741462241462244,0.4107744107744108,0.30723974630200535,0.29829251080565733,0.3142050002997992,0.4184000000000001,0.4130625,0.42443749999999997,0.35605000000000003,0.3468125,0.3625,0.7200630011689063,0.7118886178929471,0.7226138136821018
validation_prolific,full,1.0,0.03,0.03,plain,50,0.3260703287726564,0.3260703287726564,0.3260703287726564,0.19395338338223095,0.19395338338223095,0.19395338338223095,0.4064454064454065,0.40644540644540644,0.40644540644540644,0.30953124828474365,0.30953124828474365,0.30953124828474365,0.4175000000000001,0.4175000000000001,0.4175000000000001,0.35625,0.35625,0.35625,0.7216719826168133,0.7216719826168134,0.7216719826168134
validation_prolific,full,1.0,0.03,0.03,documented,50,0.2497473207769984,0.17951199941854326,0.30378918531494525,0.19914899132571973,0.195481112473457,0.20478281714800733,0.4234632034632035,0.40495430495430496,0.4458874458874459,0.29717769810753264,0.27306175846285385,0.3150937419365032,0.40979999999999994,0.4,0.4219375,0.346825,0.33375000000000005,0.35846875,0.7101444934350403,0.6953839488734088,0.7218540669042809
validation_prolific,full,1.0,0.03,0.03,aligned,50,0.2597610780313548,0.20501817271123268,0.30975952863562006,0.19819367872688048,0.19388041400380499,0.20309606690803206,0.4239153439153439,0.4029341029341029,0.44502164502164504,0.29919730654089255,0.27594244402922374,0.3142663398380071,0.4064000000000001,0.3955625,0.41500000000000004,0.34645000000000004,0.33140625,0.35471875,0.7107464349156021,0.6977602394662485,0.7233113335590488
validation_prolific,full,1.0,0.03,0.03,hyperplane_old,50,0.32565486812344197,0.30917258538308023,0.34043352688272904,0.1939741691579093,0.19264387577391157,0.19528185110882276,0.4065031265031265,0.4037758537758538,0.4101250601250601,0.3092907511180872,0.30440891556800115,0.31378353574246926,0.41730000000000006,0.41556250000000006,0.4175000000000001,0.35605,0.35278125,0.35721875000000003,0.7217126897333479,0.7208504195137558,0.7224170925551766
validation_prolific,missing_only,0.0,0.0,0.0,plain,50,0.3260703287726564,0.3260703287726564,0.3260703287726564,0.19395338338223095,0.19395338338223095,0.19395338338223095,0.4064454064454065,0.40644540644540644,0.40644540644540644,0.30953124828474365,0.30953124828474365,0.30953124828474365,0.4175000000000001,0.4175000000000001,0.4175000000000001,0.35625,0.35625,0.35625,0.7216719826168133,0.7216719826168134,0.7216719826168134
validation_prolific,missing_only,0.0,0.0,0.0,documented,50,0.7461275265930333,0.7461275265930332,0.7461275265930332,0.1371156426398581,0.1371156426398581,0.1371156426398581,0.20394420394420393,0.20394420394420396,0.20394420394420396,0.3907804010105274,0.3907804010105274,0.3907804010105274,0.4375,0.4375,0.4375,0.3762499999999999,0.37625,0.37625,0.729738715486972,0.729738715486972,0.729738715486972
validation_prolific,missing_only,0.0,0.0,0.0,aligned,50,0.748772431745018,0.748772431745018,0.748772431745018,0.13618934334574273,0.1361893433457427,0.1361893433457427,0.20009620009620008,0.2000962000962001,0.2000962000962001,0.3944001969712321,0.394400196971232,0.394400196971232,0.44249999999999995,0.4425,0.4425,0.37625,0.37625000000000003,0.37625000000000003,0.7322193814406407,0.7322193814406406,0.7322193814406406
validation_prolific,missing_only,0.0,0.0,0.0,hyperplane_old,50,0.45674349008460086,0.4567434900846008,0.4567434900846008,0.18110643892564762,0.18110643892564762,0.18110643892564762,0.36748436748436736,0.36748436748436747,0.36748436748436747,0.2848210464355731,0.2848210464355731,0.2848210464355731,0.4225,0.42250000000000004,0.42250000000000004,0.36,0.36000000000000004,0.36000000000000004,0.7233362391638269,0.7233362391638268,0.7233362391638268
validation_prolific,missing_only,0.1,0.0,0.0,plain,50,0.3260703287726564,0.3260703287726564,0.3260703287726564,0.19395338338223095,0.19395338338223095,0.19395338338223095,0.4064454064454065,0.40644540644540644,0.40644540644540644,0.30953124828474365,0.30953124828474365,0.30953124828474365,0.4175000000000001,0.4175000000000001,0.4175000000000001,0.35625,0.35625,0.35625,0.7216719826168133,0.7216719826168134,0.7216719826168134
validation_prolific,missing_only,0.1,0.0,0.0,documented,50,0.7220352042348894,0.6964283070394314,0.7403424575223067,0.14202489517290948,0.13880798334982566,0.14532433273132583,0.21961519961519957,0.2057118807118807,0.23333333333333334,0.37222051814402607,0.3465047847720695,0.39297811642024005,0.43439999999999995,0.42056249999999995,0.445,0.3747,0.36403125000000003,0.38471874999999994,0.7270723910589402,0.7129209939303883,0.7414939576765273
validation_prolific,missing_only,0.1,0.0,0.0,aligned,50,0.7135168826983379,0.6831013600115311,0.7425742823635795,0.14245500669209207,0.13780593938661345,0.1471471369285489,0.21924963924963925,0.2054954304954305,0.23403078403078403,0.3684828530308442,0.3290984619062943,0.39414417583977635,0.43310000000000004,0.4180625,0.44443750000000004,0.3693,0.35403124999999996,0.38221874999999994,0.7240719599264512,0.7081825110386569,0.73939400094149
validation_prolific,missing_only,0.1,0.0,0.0,hyperplane_old,50,0.4276198045874338,0.3957797329470916,0.45389968781216566,0.18406256984582076,0.1816083615799076,0.1870755208264005,0.3758441558441558,0.36796536796536794,0.38692881192881196,0.28819645104408753,0.27770281797826113,0.2988573810938416,0.41845000000000004,0.40499999999999997,0.4294375,0.3595750000000001,0.3480625,0.36846875,0.7214011915422102,0.7171330062223922,0.726069739205443
validation_prolific,missing_only,0.25,0.0,0.0,plain,50,0.3260703287726564,0.3260703287726564,0.3260703287726564,0.19395338338223095,0.19395338338223095,0.19395338338223095,0.4064454064454065,0.40644540644540644,0.40644540644540644,0.30953124828474365,0.30953124828474365,0.30953124828474365,0.4175000000000001,0.4175000000000001,0.4175000000000001,0.35625,0.35625,0.35625,0.7216719826168133,0.7216719826168134,0.7216719826168134
validation_prolific,missing_only,0.25,0.0,0.0,documented,50,0.6745168049047687,0.6280801750282742,0.716693790477525,0.1502031494048003,0.14351278963761174,0.156027055953371,0.24658008658008657,0.21810966810966811,0.27581770081770085,0.3421093640530096,0.30379897487187474,0.373712858969077,0.43150000000000005,0.40918750000000004,0.4494375,0.3672000000000001,0.35153125,0.3825,0.7214966467578497,0.7006637728101649,0.7410495360409969
validation_prolific,missing_only,0.25,0.0,0.0,aligned,50,0.661470197105984,0.6111010935935568,0.7141257379826869,0.15088900242417733,0.14266298594163185,0.15715219007734516,0.24911976911976916,0.21758056758056757,0.2784992784992785,0.33986598955823233,0.30183915465209266,0.3815232631071866,0.42695,0.40612499999999996,0.44443750000000004,0.36160000000000003,0.34431249999999997,0.37875000000000003,0.7173134118604849,0.696002578020823,0.7394504737383499
validation_prolific,missing_only,0.25,0.0,0.0,hyperplane_old,50,0.39203706717852993,0.3546710222542645,0.42806310660509966,0.1875375104129397,0.18400132080516723,0.19121140164123784,0.3876671476671477,0.3746512746512747,0.40179172679172676,0.2951731277245291,0.28307295987045183,0.307005084707186,0.4157,0.4055625,0.425,0.35765,0.34265625,0.36721875,0.719325909135869,0.7146685019907041,0.7249585368817778
validation_prolific,missing_only,0.5,0.0,0.0,plain,50,0.3260703287726564,0.3260703287726564,0.3260703287726564,0.19395338338223095,0.19395338338223095,0.19395338338223095,0.4064454064454065,0.40644540644540644,0.40644540644540644,0.30953124828474365,0.30953124828474365,0.30953124828474365,0.4175000000000001,0.4175000000000001,0.4175000000000001,0.35625,0.35625,0.35625,0.7216719826168133,0.7216719826168134,0.7216719826168134
validation_prolific,missing_only,0.5,0.0,0.0,documented,50,0.5663165867694773,0.4977999785731578,0.6423940544338763,0.16647343347281043,0.15773509248438727,0.1744304032731863,0.309042809042809,0.2636002886002886,0.345021645021645,0.2959282507256026,0.25267413483142237,0.3269485475200859,0.4205,0.40499999999999997,0.4408125,0.35385000000000005,0.3341875,0.37318749999999995,0.7104794665540227,0.6871632962443401,0.7290857948219684
validation_prolific,missing_only,0.5,0.0,0.0,aligned,50,0.5459776571429106,0.4577370749165638,0.614911579677908,0.16773885969778812,0.16003863286164882,0.17734807943108058,0.3158922558922559,0.27355699855699855,0.34929052429052426,0.3011074907583102,0.2653686976250756,0.3289651880607354,0.4141500000000001,0.395,0.4294375,0.3490750000000001,0.33528125000000003,0.36500000000000005,0.7075561241067814,0.687891283147955,0.7233619698707968
validation_prolific,missing_only,0.5,0.0,0.0,hyperplane_old,50,0.3506522748141906,0.32938522612881543,0.3860408430246254,0.191568861795209,0.1880599886384696,0.19357340957689573,0.4000384800384801,0.3868446368446368,0.40644540644540644,0.3033063618885654,0.2926211156156763,0.31059215256796696,0.41705,0.4080625,0.4225,0.35707500000000003,0.34778125000000004,0.36596874999999995,0.7194730476402732,0.7146782778536891,0.7233087236095814
validation_prolific,missing_only,0.75,0.0,0.0,plain,50,0.3260703287726564,0.3260703287726564,0.3260703287726564,0.19395338338223095,0.19395338338223095,0.19395338338223095,0.4064454064454065,0.40644540644540644,0.40644540644540644,0.30953124828474365,0.30953124828474365,0.30953124828474365,0.4175000000000001,0.4175000000000001,0.4175000000000001,0.35625,0.35625,0.35625,0.7216719826168133,0.7216719826168134,0.7216719826168134
validation_prolific,missing_only,0.75,0.0,0.0,documented,50,0.4448244253584275,0.3948137561979165,0.5005528618342743,0.18109163629170022,0.17586234223798752,0.18527888917248936,0.366041366041366,0.34146224146224147,0.3865079365079365,0.28523159275560894,0.25048463624800676,0.31651355962359473,0.41464999999999996,0.395,0.4344375,0.349225,0.33375,0.36596875,0.710256142881463,0.6894506316356718,0.7282031482837772
validation_prolific,missing_only,0.75,0.0,0.0,aligned,50,0.424033196044791,0.3643569380800879,0.47984570729841125,0.18239498900877676,0.17658549987804362,0.1877032989548773,0.37123617123617125,0.3493145743145743,0.39398749398749394,0.29002697716800957,0.24659185432283362,0.31456263704580084,0.40865,0.39,0.42750000000000005,0.34545000000000003,0.33,0.35971875,0.7066565476430375,0.6853566251401508,0.7202773788491275
validation_prolific,missing_only,0.75,0.0,0.0,hyperplane_old,50,0.333560211369718,0.3259420164932094,0.35443116718093354,0.19321093050052351,0.1910160408813582,0.19395338338223095,0.40445406445406445,0.39485329485329485,0.4069264069264069,0.3077296712410787,0.3013991401399981,0.3106218092570474,0.4178500000000001,0.4125,0.4225,0.357,0.35153125,0.3625,0.720789603151472,0.7173969863042119,0.7224062213772737
validation_prolific,missing_only,1.0,0.0,0.0,plain,50,0.3260703287726564,0.3260703287726564,0.3260703287726564,0.19395338338223095,0.19395338338223095,0.19395338338223095,0.4064454064454065,0.40644540644540644,0.40644540644540644,0.30953124828474365,0.30953124828474365,0.30953124828474365,0.4175000000000001,0.4175000000000001,0.4175000000000001,0.35625,0.35625,0.35625,0.7216719826168133,0.7216719826168134,0.7216719826168134
validation_prolific,missing_only,1.0,0.0,0.0,documented,50,0.3260703287726564,0.3260703287726564,0.3260703287726564,0.19395338338223095,0.19395338338223095,0.19395338338223095,0.4064454064454065,0.40644540644540644,0.40644540644540644,0.30953124828474365,0.30953124828474365,0.30953124828474365,0.4175000000000001,0.4175000000000001,0.4175000000000001,0.35625,0.35625,0.35625,0.7216719826168133,0.7216719826168134,0.7216719826168134
validation_prolific,missing_only,1.0,0.0,0.0,aligned,50,0.32924813318198354,0.32924813318198354,0.32924813318198354,0.19325972345094503,0.19325972345094503,0.19325972345094503,0.40788840788840786,0.4078884078884079,0.4078884078884079,0.30588135265449395,0.305881352654494,0.305881352654494,0.4100000000000001,0.41000000000000003,0.41000000000000003,0.35125,0.35125,0.35125,0.7176521237831277,0.7176521237831277,0.7176521237831277
validation_prolific,missing_only,1.0,0.0,0.0,hyperplane_old,50,0.3260703287726564,0.3260703287726564,0.3260703287726564,0.19395338338223095,0.19395338338223095,0.19395338338223095,0.4064454064454065,0.40644540644540644,0.40644540644540644,0.30953124828474365,0.30953124828474365,0.30953124828474365,0.4175000000000001,0.4175000000000001,0.4175000000000001,0.35625,0.35625,0.35625,0.7216719826168133,0.7216719826168134,0.7216719826168134
