"doi","name","items","matched","files","status"
"10.1037/t02366-000","Barthel Index","10","8","1","REVIEW"
"10.1037/t48377-000","Scale for the Assessment of Positive Symptoms (SAPS)","34","0","4","REVIEW"
"10.1037/t01554-000","Brief Psychiatric Rating Scale (BPRS)","18","10","3","REVIEW"
"10.1037/t57982-000","Yale-Brown Obsessive Compulsive Scale (Y-BOCS)","10","10","8","ok"
"10.1037/t01093-000","Interpersonal Reactivity Index (IRI)","28","23","3","REVIEW"
"10.1037/t01760-000","Penn State Worry Questionnaire (PSWQ)","16","16","2","ok"
"10.1037/t18128-000","Autism Diagnostic Interview-Revised (ADI-R)","107","90","1","REVIEW"
"10.1037/t00025-000","Addiction Severity Index","212","128","4","REVIEW"
"10.1037/t05178-000","Pittsburgh Sleep Quality Index (PSQI)","24","13","3","REVIEW"
"10.1037/t07023-000","36-Item Short Form Health Survey (SF-36)","36","30","3","REVIEW"
"10.1037/t07081-000","Epworth Sleepiness Scale (ESS)","8","0","12","REVIEW"
"10.1037/t03974-000","Eating Disorder Examination Questionnaire (EDE-Q)","28","0","6","REVIEW"
"10.1037/t02080-000","Childhood Trauma Questionnaire - Short Form (CTQ-SF)","28","28","17","ok"
"10.1037/t04111-000","Montgomery-Asberg Depression Rating Scale (MADRS)","10","4","2","REVIEW"
"10.1037/t02121-000","Composite International Diagnostic Interview (CIDI) 3.0 | WHO WMH-CIDI","101","85","5","REVIEW"
"10.1037/t06803-000","Instrumental Activities of Daily Living Scale (IADL)","8","0","6","REVIEW"
"10.1037/t00303-000","Impact of Event Scale (IES)","15","14","2","ok"
"10.1037/t35126-000","National Institutes of Health Stroke Scale (NIHSS)","13","0","4","REVIEW"
"10.1037/t02175-000","Dyadic Adjustment Scale (DAS)","32","28","5","REVIEW"
"10.1037/t27207-000","Wechsler Memory Scale (WMS)","0","","0","not_found"
"10.1037/t07021-000","12-item Short Form Health Survey (SF-12v2)","12","0","6","REVIEW"
"10.1037/t01029-000","Difficulties in Emotion Regulation Scale (DERS)","36","35","11","ok"
"10.1037/t31330-000","International Physical Activity Questionnaire (IPAQ) — Long Form, Last 7 Days Self-Administered","27","0","16","REVIEW"
"10.1037/t06463-000","Emotion Regulation Questionnaire (ERQ)","10","10","1","ok"
"10.1037/t10642-000","Toronto Alexithymia Scale","26","26","3","ok"
"10.1037/t03902-000","Temperament and Character Inventory (TCI / TCI-R)","0","","0","not_found"
"10.1037/t02622-000","PTSD Checklist-Civilian Version (PCL-C)","17","0","2","REVIEW"
"10.1037/t02711-000","Eysenck Personality Inventory (EPI)","57","39","2","REVIEW"
"10.1037/t17260-000","Social Responsiveness Scale (SRS-2, School-age Form)","65","3","2","REVIEW"
"10.1037/t07564-000","NEO Personality Inventory-Revised (NEO-PI-R)","0","","0","not_found"
"10.1037/t07472-000","Dissociative Experiences Scale","28","28","1","ok"
"10.1037/t03903-000","Personality Assessment Inventory","0","","0","not_found"
"10.1037/t04131-000","Alzheimer's Disease Assessment Scale - Cognitive Subscale (ADAS-Cog)","11","0","2","REVIEW"
"10.1037/t48466-000","Global Deterioration Scale (GDS)","7","7","4","ok"
"10.1037/t02879-000","Adult Attachment Interview (AAI)","20","0","4","REVIEW"
"10.1037/t05050-000","Multidimensional Anxiety Scale for Children (MASC)","39","37","6","ok"
"10.1037/t03776-000","Posttraumatic Growth Inventory (PTGI)","21","","2","no_source_text (scanned or nothing archived)"
"10.1037/t01522-000","CAGE Questionnaire","4","4","6","ok"
"10.1037/t02445-000","Parenting Stress Index","0","","0","not_found"
"10.1037/t52667-000","Columbia-Suicide Severity Rating Scale (C-SSRS)","17","0","2","REVIEW"
"10.1037/t49277-000","Wide Range Achievement Test","0","","0","not_found"
"10.1037/t49458-000","Childhood Autism Rating Scale (CARS)","15","","2","no_source_text (scanned or nothing archived)"
"10.1037/t07870-000","","0","","0","not_found"
"10.1037/t03938-000","South Oaks Gambling Screen (SOGS)","16","0","1","REVIEW"
"10.1037/t78752-000","Diagnostic Interview Schedule for Children (DISC-IV / NIMH DISC-IV)","12","0","8","REVIEW"
"10.1037/t06346-000","Connor-Davidson Resilience Scale (CD-RISC)","25","25","4","ok"
"10.1037/t06510-000","Parental Bonding Instrument (PBI)","25","25","2","ok"
"10.1037/t48859-000","Wechsler Preschool and Primary Scale of Intelligence-Revised","0","","0","not_found"
"10.1037/t02178-000","","0","","0","not_found"
"10.1037/t03624-000","","0","","0","not_found"
"10.1037/t15164-000","","0","","0","not_found"
"10.1037/t02254-000","Morningness-Eveningness Questionnaire (MEQ)","19","8","4","REVIEW"
"10.1037/t03975-000","Eating Disorder Examination (EDE)","49","0","2","REVIEW"
"10.1037/t07502-000","Brief Symptom Inventory-18","18","0","1","REVIEW"
"10.1037/t73087-000","Behavior Rating Inventory of Executive Function (BRIEF)","0","","0","not_found"
"10.1037/t66667-000","International Affective Picture System (IAPS)","3","0","3","REVIEW"
"10.1037/t28729-000","Berg Balance Scale (BBS)","14","9","4","REVIEW"
"10.1037/t04145-000","Short Portable Mental Status Questionnaire (SPMSQ)","10","0","1","REVIEW"
"10.1037/t15771-000","Ecological Momentary Assessment (EMA) diary items (Juth, Smyth & Santuzzi, 2008)","20","9","2","REVIEW"
"10.1037/t49618-000","Barnes Akathisia Rating Scale (BARS)","4","0","5","REVIEW"
"10.1037/t07845-000","Eyberg Child Behavior Inventory (ECBI)","36","29","2","REVIEW"
"10.1037/t64702-000","Patient Health Questionnaire-8 (PHQ-8)","8","0","3","REVIEW"
"10.1037/t42601-000","Children's Yale-Brown Obsessive-Compulsive Scale (CY-BOCS)","10","7","2","REVIEW"
"10.1037/t77117-000","Work and Social Adjustment Scale (WSAS)","5","5","2","ok"
"10.1037/t02357-000","Michigan Alcoholism Screening Test (MAST)","25","19","1","REVIEW"
"10.1037/t01318-000","Twenty-Item Toronto Alexithymia Scale (TAS-20)","20","20","2","ok"
"10.1037/t51564-000","Posttraumatic Stress Disorder Checklist for DSM-5 (PCL-5)","20","19","1","ok"
"10.1037/t02485-000","Posttraumatic Diagnostic Scale (PDS / PTDS)","6","","2","no_source_text (scanned or nothing archived)"
"10.1037/t06040-000","Body Shape Questionnaire (BSQ)","34","0","1","REVIEW"
"10.1037/t04510-000","Inventory of Parent and Peer Attachment (IPPA)","75","50","3","REVIEW"
"10.1037/t06571-000","Zarit Burden Interview (ZBI)","22","22","1","ok"
"10.1037/t02278-000","Inventory of Interpersonal Problems (IIP)","0","","0","not_found"
"10.1037/t71125-000","Alcohol Use Disorders Identification Test - Consumption (AUDIT-C)","0","","0","not_found"
"10.1037/t10453-000","Aberrant Behavior Checklist","58","57","1","ok"
"10.1037/t03748-000","Quality of Life Inventory (QOLI)","17","0","1","REVIEW"
"10.1037/t01526-000","Alcohol, Smoking and Substance Involvement Screening Test (ASSIST)","8","0","1","REVIEW"
"10.1037/t15177-000","","0","","0","not_found"
"10.1037/t55280-000","Children's Depression Rating Scale--Revised (CDRS-R)","17","1","1","REVIEW"
"10.1037/t07116-000","Stanford Sleepiness Scale","7","","1","no_source_text (scanned or nothing archived)"
"10.1037/t07469-000","Harvard Trauma Questionnaire (HTQ)","30","30","5","ok"
"10.1037/t56083-000","semantic differential scale","7","4","1","REVIEW"
"10.1037/t02126-000","revised conflict tactics scales (CTS2)","78","36","2","REVIEW"
"10.1037/t08059-000","Balanced Inventory of Desirable Responding (BIDR)","40","","1","no_source_text (scanned or nothing archived)"
"10.1037/t00030-000","Alcohol Dependence Scale (ADS)","25","0","2","REVIEW"
"10.1037/t49977-000","Autism Diagnostic Interview (ADI)","32","","1","no_source_text (scanned or nothing archived)"
"10.1037/t05198-000","PTSD Checklist--Military Version (PCL-M)","17","17","2","ok"
"10.1037/t16058-000","","0","","0","not_found"
"10.1037/t16514-000","Wender Utah Rating Scale (WURS)","61","","2","no_source_text (scanned or nothing archived)"
"10.1037/t04022-000","Functional Activities Questionnaire (FAQ) / Pfeffer Functional Activities Questionnaire","10","10","2","ok"
"10.1037/t49981-000","Quality of Life Enjoyment and Satisfaction Questionnaire","16","0","1","REVIEW"
"10.1037/t64336-000","Diagnostic Interview for Genetic Studies (DIGS)","25","13","2","REVIEW"
"10.1037/t06207-000","Interpersonal Support Evaluation List (ISEL)","48","0","1","REVIEW"
"10.1037/t55271-000","Resilience Scale (Thai substance-dependent women)","0","","0","not_found"
"10.1037/t05950-000","","0","","0","not_found"
"10.1037/t04164-000","McGill Pain Questionnaire (MPQ)","79","","2","no_source_text (scanned or nothing archived)"
"10.1037/t41553-000","Hamilton Depression Inventory","0","","0","not_found"
"10.1037/t06213-000","Social Provisions Scale (SPS)","4","0","2","REVIEW"
"10.1037/t06842-000","Quality of Life Questionnaire (QLQ)","0","","0","not_found"
"10.1037/t10027-000","COPE Inventory","60","59","1","ok"
"10.1037/t06708-000","MOS 36-Item Short-Form Health Survey (SF-36 / RAND-36)","36","10","2","REVIEW"
"10.1037/t38021-000","Brief Assessment of Cognition in Schizophrenia (BACS)","7","0","2","REVIEW"
"10.1037/t03926-000","Semi-Structured Assessment for the Genetics of Alcoholism (SSAGA-II)","0","","0","not_found"
"10.1037/t58031-000","Alabama Parenting Questionnaire (APQ)","42","35","2","REVIEW"
"10.1037/t05638-000","ADHD Rating Scale-IV (ADHD-RS-IV)","0","","0","not_found"
"10.1037/t01309-000","","0","","0","not_found"
"10.1037/t08303-000","Binge Eating Scale (BES)","0","","0","not_found"
"10.1037/t05461-000","Eysenck Personality Questionnaire-Revised (EPQ-R)","100","","2","no_source_text (scanned or nothing archived)"
"10.1037/t15197-000","Short Mood and Feelings Questionnaire (SMFQ)","13","12","1","ok"
"10.1037/t06497-000","State-Trait Anxiety Inventory for Children (STAIC)","0","","0","not_found"
"10.1037/t00791-000","Cognitive Failures Questionnaire (CFQ)","25","0","1","REVIEW"
"10.1037/t13498-000","Distress Tolerance Scale (DTS)","15","13","1","REVIEW"
"10.1037/t51423-000","Brief Resilience Scale","6","0","1","REVIEW"
"10.1037/t05183-000","Subjective Units of Distress Scale (SUDS)","0","","0","not_found"
"10.1037/t06631-000","Trauma Symptom Checklist for Children (TSCC)","0","","0","not_found"
"10.1037/t38751-000","Personal and Social Performance Scale (PSP)","1","0","1","REVIEW"
"10.1037/t71986-000","Canadian Occupational Performance Measure (COPM)","0","","0","not_found"
"10.1037/t15121-000","","0","","0","not_found"
"10.1037/t63848-000","EQ-5D-5L","5","5","1","ok"
"10.1037/t33022-000","Children's Sleep Habits Questionnaire (CSHQ)","33","29","4","REVIEW"
"10.1037/t09699-000","Kohn Symptom Checklist","0","","0","not_found"
"10.1037/t14978-000","","0","","0","not_found"
"10.1037/t28576-000","Cohen-Mansfield Agitation Inventory (CMAI)","29","29","2","ok"
"10.1037/t04973-000","Davidson Trauma Scale","17","0","1","REVIEW"
"10.1037/t04471-000","Obsessive Compulsive Drinking Scale","17","0","3","REVIEW"
"10.1037/t67378-000","Pain Disability Index","0","","0","not_found"
"10.1037/t05003-000","Social Functioning Scale (SFS)","0","","0","not_found"
"10.1001/archpsyc.1986.01800030107013","","0","","0","not_found"
"10.1207/s15374424jccp1802_8","Parenting Sense of Competence Scale (PSOC)","17","","0","no_psyctests_doi"
"10.1037/t30592-000","Mental Health Continuum-Short Form (MHC-SF)","0","","0","not_found"
"10.1037/t08132-000","Emotion Regulation Checklist (ERC)","0","","0","not_found"
"10.1037/t05500-000","Frost Multidimensional Perfectionism Scale (FMPS)","36","","1","no_source_text (scanned or nothing archived)"
"10.1037/t15271-000","Multidimensional Fatigue Inventory","0","","0","not_found"
"10.1037/t08755-000","Multidimensional Body-Self Relations Questionnaire (MBSRQ)","0","","0","not_found"
"10.1037/t67378-000","Pain Disability Index (PDI)","0","","0","not_found"
"10.1037/t11872-000","Student-Teacher Relationship Scale","28","11","11","REVIEW"
"10.1037/t00534-000","Spiritual Well-Being Scale (SWBS)","20","20","2","ok"
"10.1037/t05003-000","Social Functioning Scale (SFS)","83","60","4","REVIEW"
"10.1037/t03774-000","Minnesota Nicotine Withdrawal Scale","8","8","2","ok"
"10.1037/t06501-000","Ways of Coping Questionnaire (WCQ)","66","65","5","ok"
"10.1037/t60094-000","Panic Disorder Severity Scale (PDSS) – Self-Report Form","7","5","3","REVIEW"
"10.1037/t15175-000","Wechsler Memory Scale-Fourth Edition (WMS-IV)","0","","0","not_found"
"10.1037/t08945-000","Classroom Assessment Scoring System (CLASS)","10","0","1","REVIEW"
"10.1037/t30592-000","Mental Health Continuum-Short Form (MHC-SF)","14","0","1","REVIEW"
"10.1037/t52053-000","","0","","0","not_found"
"10.1037/t15271-000","Multidimensional Fatigue Inventory (MFI-20)","20","0","3","REVIEW"
"10.1037/t08132-000","Emotion Regulation Checklist (ERC)","0","","0","not_found"
"10.1037/t12205-000","Clinical Interview Schedule--Revised (CIS-R)","0","","0","not_found"
"10.1037/t04993-000","Hare Psychopathy Checklist-Revised (PCL-R)","20","19","1","ok"
"10.1037/t08755-000","Multidimensional Body-Self Relations Questionnaire (MBSRQ)","69","65","3","ok"
"10.1037/t15120-000","Minnesota Multiphasic Personality Inventory-2 (MMPI-2)","0","","0","not_found"
"10.1037/t02125-000","","0","","0","not_found"
"10.1037/t03988-000","","0","","0","not_found"
"10.1037/t07564-000","NEO Personality Inventory (NEO-PI)","0","","0","not_found"
"10.1037/t07870-000","","0","","0","not_found"
"10.1037/t02178-000","Three Factor Eating Questionnaire (TFEQ)","18","","1","no_source_text (scanned or nothing archived)"
"10.1037/t03624-000","Multifactor Leadership Questionnaire","0","","0","not_found"
"10.1037/t73087-000","","0","","0","not_found"
"10.1037/t02278-000","","0","","0","not_found"
"10.1037/t71125-000","Alcohol Use Disorders Identification Test - Consumption (AUDIT-C)","3","0","4","REVIEW"
"10.1037/t16058-000","","0","","0","not_found"
"10.1037/t55271-000","Resilience Scale (Thai, for substance-dependent women)","0","","0","not_found"
"10.1037/t05950-000","","0","","0","not_found"
"10.1037/t41553-000","","0","","0","not_found"
"10.1037/t05638-000","ADHD Rating Scale-IV (ADHD-RS-IV), Home Version","0","","0","not_found"
"10.1037/t01309-000","Parenting Scale","0","","0","not_found"
"10.1037/t08303-000","Binge Eating Scale (BES)","0","","0","not_found"
"10.1037/t06497-000","State-Trait Anxiety Inventory for Children (STAIC / How I Feel Questionnaire)","0","","0","not_found"
"10.1037/t05183-000","","0","","0","not_found"
"10.1037/t15121-000","MMPI-2-RF (Minnesota Multiphasic Personality Inventory-2-Restructured Form)","0","","0","not_found"
"10.1037/t09699-000","Kohn Symptom Checklist (KSC)","0","","0","not_found"
"10.1037/t67378-000","Pain Disability Index (PDI)","7","1","3","REVIEW"
"10.1037/t52053-000","","6","0","3","REVIEW"
"10.1037/t08132-000","Emotion Regulation Checklist (ERC)","0","","0","not_found"
"10.1037/t12205-000","Clinical Interview Schedule--Revised (CIS-R)","0","","0","not_found"
"10.1037/t03988-000","Schedule for Affective Disorders and Schizophrenia for School-Age Children – Present and Lifetime Version (K-SADS-PL)","12","0","4","REVIEW"
"10.1037/t07870-000","","0","","0","not_found"
"10.1037/t16058-000","General Health Questionnaire-28 (GHQ-28 / Scaled GHQ)","3","0","3","REVIEW"
"10.1037/t02278-000","Inventory of Interpersonal Problems (IIP)","0","","0","not_found"
"10.1037/t41553-000","Hamilton Depression Inventory","0","","0","not_found"
"10.1037/t05638-000","ADHD Rating Scale-IV","18","18","9","ok"
"10.1037/t01309-000","Parenting Scale (PS)","0","","0","not_found"
"10.1037/t08303-000","Binge Eating Scale (BES)","16","14","9","REVIEW"
"10.1037/t05183-000","Subjective Units of Distress Scale (SUDS)","0","","0","not_found"
"10.1037/t09699-000","Kohn Symptom Checklist (KSC)","0","","0","not_found"
"10.1037/t08132-000","Emotion Regulation Checklist (ERC)","24","18","11","REVIEW"
"10.1037/t12205-000","Clinical Interview Schedule--Revised (CIS-R)","14","0","3","REVIEW"
"10.1037/t06497-000","State-Trait Anxiety Inventory for Children (STAIC / How I Feel Questionnaire)","0","","0","not_found"
"10.1037/t03624-000","Multifactor Leadership Questionnaire (MLQ-5X)","45","39","9","REVIEW"
"10.1037/t73087-000","Behavior Rating Inventory of Executive Function (BRIEF) - Child Form","0","","0","not_found"
"10.1037/t55271-000","Thai Resilience Scale for Substance-Dependent Women (Sakunpong et al., 2016)","0","","0","not_found"
"10.1037/t02125-000","Conflict Tactics Scales","19","8","8","REVIEW"
"10.1037/t07870-000","Schedule for Affective Disorders and Schizophrenia (SADS)","0","","0","not_found"
"10.1037/t73087-000","Behavior Rating Inventory of Executive Function (BRIEF)","2","0","10","REVIEW"
"10.1037/t02278-000","Inventory of Interpersonal Problems","6","0","4","REVIEW"
"10.1037/t55271-000","Resilience Scale for Thai Substance-Dependent Women","0","","0","not_found"
"10.1037/1040-3590.7.4.472","","0","","0","not_found"
"10.1037/t01309-000","Parenting Scale","30","0","2","REVIEW"
"10.1037/t06497-000","State-Trait Anxiety Inventory for Children (STAIC / ""How I Feel Questionnaire"")","40","0","3","REVIEW"
"10.1037/t05183-000","","1","0","8","REVIEW"
"10.1037/h0032583","Kohn Symptom Checklist (KSC)","0","","0","not_found"
