"doi","name","found","items_extracted","verbatim","confidence","source_grade","source","language","verify_verdict","verify_source_ok","spot_matches","verify_issues","notes"
"10.1037/t00741-000","Beck Depression Inventory (BDI)",TRUE,21,TRUE,"medium","university_pdf","https://www.ohsu.edu/sites/default/files/2019-06/Beck%20Depression%20Inventory.pdf","English","pass",TRUE,"3/3","","Extracted the full 21-item BDI item set (4 graded severity statements each, 0-3) verbatim from a university-hosted PDF (OHSU Headache Center) and cross-checked against a second, near-identical copy ho"
"10.1037/t00742-000","Beck Depression Inventory-II (BDI-II)",TRUE,21,TRUE,"high","university_pdf","https://naviauxlab.ucsd.edu/wp-content/uploads/2020/09/BDI21.pdf","en","pass",TRUE,"3/3","","Full 21-item BDI-II text extracted verbatim from a PDF hosted at https://naviauxlab.ucsd.edu/wp-content/uploads/2020/09/BDI21.pdf (a UCSD research-lab-hosted freely-posted copy of the actual 1996 inst"
"10.1037/t03589-000","Hospital Anxiety and Depression Scale (HADS)",TRUE,14,TRUE,"high","clinical_org","https://www.spiromics.org/spiromics/sites/default/files/forms_source/HDS_Hospital_Anxiety_and_Depression_Scale_SOURCE_v1.0_20211111_CLEAN.pdf","English (original UK)","pass",TRUE,"3/3","","Full 14-item English original recovered verbatim from a clinical-research-study source document (SPIROMICS/SOURCE study 'HDS' record form, v1.0, 2021), which reproduces the official GL Assessment/nfer"
"10.1037/t06165-000","Patient Health Questionnaire-9 (PHQ-9)",TRUE,9,TRUE,"high","official","https://www.phqscreeners.com/images/sites/g/files/g10060481/f/201412/PHQ-9_English.pdf","English","pass",TRUE,"3/3","","Full 9-item PHQ-9 verified verbatim against the official source (phqscreeners.com, developer-hosted PDF: 'Developed by Drs. Robert L. Spitzer, Janet B.W. Williams, Kurt Kroenke and colleagues... No pe"
"10.1037/t01210-000","Symptom Checklist-90-Revised (SCL-90-R) / SCL-90",TRUE,90,TRUE,"medium","clinical_org","https://accesscm.org/wp-content/uploads/2013/03/SCL-90.pdf","English","pass",TRUE,"3/3","","Full 90-item verbatim text was obtained directly (via curl+Read of the PDF) from https://accesscm.org/wp-content/uploads/2013/03/SCL-90.pdf, a clinical-training PDF titled ""SCL-90"" copyrighted by Dr. "
"10.1037/t02889-000","Perceived Stress Scale (PSS-14, original 14-item version)",TRUE,14,TRUE,"high","official","https://www.cmu.edu/dietrich/psychology/stress-immunity-disease-lab/publications/scalesmeasurements/pdfs/globalmeas83.pdf","en","pass_manual",TRUE,"0/3","Haiku verifier false-fail (claimed source was HADS); manually re-fetched CMU PDF, all items + reverse coding confirmed verbatim","Full verbatim text of all 14 items plus instructions extracted from Appendix A ('Items and Instructions for Perceived Stress Scale'), pp. 394-395 of the original 1983 Journal of Health and Social Beha"
"10.1037/t00540-000","Strengths and Difficulties Questionnaire (SDQ) — Parent/Teacher version, ages 11-17",TRUE,25,TRUE,"high","clinical_org","https://projectteachny.org/app/uploads/2020/01/SDQ_parent_11-17.pdf","English","pass",TRUE,"3/3","","Extracted verbatim from a downloadable PDF (© Robert Goodman, 2005) hosted at projectteachny.org, titled ""Strengths and Difficulties Questionnaire P or T 11-17"" (Parent-or-Teacher-report version for y"
"10.1037/t01756-000","Edinburgh Postnatal Depression Scale (EPDS)",TRUE,10,TRUE,"high","clinical_org","https://www.blackdoginstitute.org.au/wp-content/uploads/2020/04/edinburgh-postnatal-depression-scale.pdf","English","pass",TRUE,"3/3","","Full 10-item verbatim text extracted from a Black Dog Institute clinical PDF (reproducing the official Cox, Holden & Sagovsky 1987 scale; also cites Murray and Cox 1990). This copy is one of many near"
"10.1037/t00072-000","Clinician-Administered PTSD Scale for DSM-5 (CAPS-5) — Past Month Version",TRUE,30,TRUE,"high","official","https://www.ptsd.va.gov/professional/assessment/documents/CAPS_5_Past_Month.pdf","English","pass",TRUE,"3/3","","Source is the official National Center for PTSD ""Past Month"" version PDF (version date 13 April 2018), fetched directly at https://www.ptsd.va.gov/professional/assessment/documents/CAPS_5_Past_Month.p"
